Workbook

Sheet Cleaned_Global_AI_LLM_Jobs
A1: job_id | B1: job_title | C1: company | D1: sector | E1: location | F1: country | G1: work_mode | H1: experience | I1: experience_years | J1: salary_usd_annual | K1: required_skills | L1: primary_llm_mentioned | M1: education_required | N1: date_posted | O1: applies_count | P1: visa_sponsorship | Q1: years_experience_min | R1: company_size | S1: is_contract | T1: has_equity
A2: AIJOB00001 | B2: Prompt Engineer | C2: Palantir | D2: Technology | E2: Amsterdam, Netherlands | F2: Netherlands | G2: Remote | H2: Entry | I2: 0-2 yrs | J2: 76258 | K2: dbt, Weights & Biases, JAX | L2: Grok | M2: Bachelor's | N2: 45363 | O2: 962 | P2: No | Q2: 0 | R2: 0-50 | S2: Full-time | T2: No
A3: AIJOB00002 | B3: RAG Engineer | C3: Mistral AI | D3: Automotive | E3: Paris, France | F3: France | G3: Remote | H3: Staff/Principal | I3: 8+ yrs | J3: 195022 | K3: FastAPI, Rust, Hugging Face Transformers | L3: No LLM Required | M3: Bachelor's | N3: 45434 | O3: 428 | P3: Yes | Q3: 6 | R3: 0-50 | S3: Full-time | T3: Yes
A4: AIJOB00003 | B4: Computer Vision Engineer | C4: Adobe Firefly | D4: Retail | E4: Bangalore, India | F4: India | G4: Hybrid | H4: Entry | I4: 0-2 yrs | J4: 78160 | K4: Weaviate, AWS SageMaker, C++ | L4: Falcon | M4: PhD | N4: 45485 | O4: 2718 | P4: Yes | Q4: 0 | R4: 201-1000 | S4: Part-time | T4: No
A5: AIJOB00004 | B5: Prompt Engineer | C5: Baidu | D5: Finance | E5: Amsterdam, Netherlands | F5: Netherlands | G5: Hybrid | H5: Staff/Principal | I5: 8+ yrs | J5: 254829 | K5: Hugging Face Transformers, Azure ML, OpenAI API, dbt, Docker | L5: No LLM Required | M5: Master's | N5: 45719 | O5: 2197 | P5: No | Q5: 6 | R5: 51-200 | S5: Full-time | T5: Yes
A6: AIJOB00005 | B6: RAG Engineer | C6: Scale AI | D6: Automotive | E6: Austin, United States | F6: United States | G6: On-site | H6: Mid | I6: 2-5 yrs | J6: 105363 | K6: Kubernetes, C++, PyTorch | L6: No LLM Required | M6: Bachelor's | N6: 45689 | O6: 880 | P6: No | Q6: 2 | R6: 1001-5000 | S6: Contract | T6: No
A7: AIJOB00006 | B7: AI Research Scientist | C7: IBM Watson | D7: Education | E7: Berlin, Germany | F7: Germany | G7: Remote | H7: Senior | I7: 5-8 yrs | J7: 143678 | K7: Docker, Weights & Biases, ChromaDB, Fine-tuning, C++, RAG, Azure ML | L7: Gemini | M7: Bachelor's | N7: 45579 | O7: 3537 | P7: Yes | Q7: 4 | R7: 51-200 | S7: Contract | T7: Yes
A8: AIJOB00007 | B8: LLM Engineer | C8: Accenture AI | D8: Automotive | E8: Chicago, United States | F8: United States | G8: Hybrid | H8: Staff/Principal | I8: 8+ yrs | J8: 256851 | K8: Docker, Weaviate, Python, dbt, Weights & Biases, LangChain, Rust | L8: No LLM Required | M8: PhD | N8: 45531 | O8: 466 | P8: No | Q8: 6 | R8: 51-200 | S8: Full-time | T8: No
A9: AIJOB00008 | B9: Computer Vision Engineer | C9: Salesforce Einstein | D9: Energy | E9: Dublin, Ireland | F9: Ireland | G9: On-site | H9: Mid | I9: 2-5 yrs | J9: 125195 | K9: C++, Spark, Pinecone, SQL, OpenAI API | L9: Gemini | M9: Bootcamp/Self-taught | N9: 45737 | O9: 2011 | P9: Yes | Q9: 2 | R9: 201-1000 | S9: Contract | T9: No
A10: AIJOB00009 | B10: NLP Engineer | C10: Accenture AI | D10: Energy | E10: New York, United States | F10: United States | G10: Remote | H10: Mid | I10: 2-5 yrs | J10: 100704 | K10: TensorFlow, Weights & Biases, Vector Databases | L10: No LLM Required | M10: PhD | N10: 45582 | O10: 2712 | P10: No | Q10: 2 | R10: 5000+ | S10: Full-time | T10: No
A11: AIJOB00010 | B11: AI Platform Engineer | C11: Morgan Stanley AI | D11: Energy | E11: Singapore | F11: Singapore | G11: On-site | H11: Staff/Principal | I11: 8+ yrs | J11: 219532 | K11: MLflow, AWS SageMaker, RAG, dbt | L11: Command R | M11: Master's | N11: 45678 | O11: 930 | P11: Yes | Q11: 6 | R11: 0-50 | S11: Full-time | T11: Yes
A12: AIJOB00011 | B12: GenAI Developer | C12: Nvidia | D12: Automotive | E12: Seattle, United States | F12: United States | G12: Hybrid | H12: Entry | I12: 0-2 yrs | J12: 64160 | K12: TensorFlow, JAX, PyTorch, CUDA | L12: Phi | M12: Master's | N12: 45322 | O12: 2218 | P12: Yes | Q12: 0 | R12: 5000+ | S12: Full-time | T12: Yes
A13: AIJOB00012 | B13: AI Infrastructure Engineer | C13: ByteDance | D13: Finance | E13: Singapore | F13: Singapore | G13: Remote | H13: Staff/Principal | I13: 8+ yrs | J13: 183233 | K13: Azure ML, Fine-tuning, CUDA, RLHF, Weights & Biases, PyTorch | L13: No LLM Required | M13: Bachelor's | N13: 45629 | O13: 3289 | P13: Maybe | Q13: 6 | R13: 51-200 | S13: Full-time | T13: No
... A2501: AIJOB02500 | B2501: AI Ethics Researcher | C2501: Scale AI | D2501: Retail | E2501: Tokyo, Japan | F2501: Japan | G2501: On-site | H2501: Entry | I2501: 0-2 yrs | J2501: 74284 | K2501: MLflow, Vector Databases, Hugging Face Transformers, AWS SageMaker, Weaviate, CUDA | L2501: Command R | M2501: Bootcamp/Self-taught | N2501: 45706 | O2501: 3876 | P2501: No | Q2501: 0 | R2501: 51-200 | S2501: Full-time | T2501: Yes

Sheet Analysis
A2: Metric | B2: Value | D2: Work | E2: Jobs_Count | G2: Job Titles | H2: Jobs | J2: Job Titles | K2: Average Salary
A3: Total Jobs | B3: =COUNTA(Jobs[job_id]) -> 2500 | D3: Remote | E3: =COUNTIF(Jobs[work_mode],D3) -> 1132 | G3: AI Engineer | H3: =COUNTIF(Jobs[job_title],G3) -> 130 | J3: RAG Engineer | K3: 144803.83
A4: Average Salary | B4: =AVERAGE(Jobs[salary_usd_annual]) -> 134513.18 | D4: Hybrid | E4: =COUNTIF(Jobs[work_mode],D4) -> 836 | G4: AI Ethics Researcher | H4: =COUNTIF(Jobs[job_title],G4) -> 118 | J4: ML Engineer | K4: 141875.26
A5: Median Salary | B5: =MEDIAN(Jobs[salary_usd_annual]) -> 127722.5 | D5: On-Site | E5: =COUNTIF(Jobs[work_mode],D5) -> 532 | G5: AI Infrastructure Engineer | H5: =COUNTIF(Jobs[job_title],G5) -> 116 | J5: LLM Engineer | K5: 140868.66
A6: Average Experience | B6: =AVERAGE(Jobs[years_experience_min]) -> 3.0544 | G6: AI Platform Engineer | H6: =COUNTIF(Jobs[job_title],G6) -> 105 | J6: AI Research Scientist | K6: 140274.62
A7: Remote Jobs % | B7: =COUNTIF(Jobs[work_mode],"Remote")/COUNTA(Jobs[job_id]) -> 0.4528 | G7: AI Product Manager | H7: =COUNTIF(Jobs[job_title],G7) -> 133 | J7: Reinforcement Learning Engineer | K7: 137735.42
A8: Visa Sponsorship % | B8: =COUNTIF(Jobs[visa_sponsorship],"Yes")/COUNTA(Jobs[visa_sponsorship]) -> 0.2424 | G8: AI Research Scientist | H8: =COUNTIF(Jobs[job_title],G8) -> 122 | J8: AI Safety Researcher | K8: 137580.44
G9: AI Safety Researcher | H9: =COUNTIF(Jobs[job_title],G9) -> 144 | J9: AI Engineer | K9: 136665.27
A10: LLM | B10: Jobs | D10: Sector | E10: Jobs | G10: AI Solutions Architect | H10: =COUNTIF(Jobs[job_title],G10) -> 120 | J10: Foundation Model Engineer | K10: 136534.68
A11: BLOOM | B11: =COUNTIF(Jobs[primary_llm_mentioned],A11) -> 168 | D11: Automotive | E11: =COUNTIF(Jobs[sector],D11) -> 249 | G11: Computer Vision Engineer | H11: =COUNTIF(Jobs[job_title],G11) -> 138 | J11: AI Ethics Researcher | K11: 135772.71
A12: Claude | B12: =COUNTIF(Jobs[primary_llm_mentioned],A12) -> 169 | D12: Defense | E12: =COUNTIF(Jobs[sector],D12) -> 245 | G12: Data Scientist (AI/ML) | H12: =COUNTIF(Jobs[job_title],G12) -> 118 | J12: Prompt Engineer | K12: 135506.31
A13: Command R | B13: =COUNTIF(Jobs[primary_llm_mentioned],A13) -> 178 | D13: Education | E13: =COUNTIF(Jobs[sector],D13) -> 255 | G13: Deep Learning Engineer | H13: =COUNTIF(Jobs[job_title],G13) -> 130 | J13: Grand Total | K13: 138699.16
A14: Falcon | B14: =COUNTIF(Jobs[primary_llm_mentioned],A14) -> 165 | D14: Energy | E14: =COUNTIF(Jobs[sector],D14) -> 271 | G14: Foundation Model Engineer | H14: =COUNTIF(Jobs[job_title],G14) -> 121
A15: Gemini | B15: =COUNTIF(Jobs[primary_llm_mentioned],A15) -> 162 | D15: Finance | E15: =COUNTIF(Jobs[sector],D15) -> 246 | G15: GenAI Developer | H15: =COUNTIF(Jobs[job_title],G15) -> 136
A16: GPT-4 | B16: =COUNTIF(Jobs[primary_llm_mentioned],A16) -> 162 | D16: Government | E16: =COUNTIF(Jobs[sector],D16) -> 248 | G16: LLM Engineer | H16: =COUNTIF(Jobs[job_title],G16) -> 115
A17: Grok | B17: =COUNTIF(Jobs[primary_llm_mentioned],A17) -> 175 | D17: Healthcare | E17: =COUNTIF(Jobs[sector],D17) -> 278 | G17: ML Engineer | H17: =COUNTIF(Jobs[job_title],G17) -> 125
A18: Llama | B18: =COUNTIF(Jobs[primary_llm_mentioned],A18) -> 143 | D18: Media | E18: =COUNTIF(Jobs[sector],D18) -> 245 | G18: MLOps Engineer | H18: =COUNTIF(Jobs[job_title],G18) -> 124
A19: Mistral | B19: =COUNTIF(Jobs[primary_llm_mentioned],A19) -> 157 | D19: Retail | E19: =COUNTIF(Jobs[sector],D19) -> 233 | G19: NLP Engineer | H19: =COUNTIF(Jobs[job_title],G19) -> 135
A20: No LLM Required | B20: =COUNTIF(Jobs[primary_llm_mentioned],A20) -> 879 | D20: Technology | E20: =COUNTIF(Jobs[sector],D20) -> 230 | G20: Prompt Engineer | H20: =COUNTIF(Jobs[job_title],G20) -> 124
A21: Phi | B21: =COUNTIF(Jobs[primary_llm_mentioned],A21) -> 142 | G21: RAG Engineer | H21: =COUNTIF(Jobs[job_title],G21) -> 117
G22: Reinforcement Learning Engineer | H22: =COUNTIF(Jobs[job_title],G22) -> 129

Sheet Dashboard
B2: AI & LLM JOB MARKET DASHBOARD
B5: Total Jobs | E5: Average Salary | I5: Visa Sponsorship % | K5: Remote Jobs % | M5: Average Experience
B7: =Analysis!B3 -> 2500 | E7: =Analysis!B4 -> 134513.18 | I7: =Analysis!B8 -> 0.2424 | K7: =Analysis!B7 -> 0.4528 | M7: =Analysis!B6 -> 3.0544
B9: Job Title | C9: No. of Jobs | E9: Row Labels | F9: Average Salary
B10: AI Engineer | C10: 130 | E10: RAG Engineer | F10: 144803.83
B11: AI Ethics Researcher | C11: 118 | E11: ML Engineer | F11: 141875.26
B12: AI Infrastructure Engineer | C12: 116 | E12: LLM Engineer | F12: 140868.66
B13: AI Platform Engineer | C13: 105 | E13: AI Research Scientist | F13: 140274.62
B14: AI Product Manager | C14: 133 | E14: Reinforcement Learning Engineer | F14: 137735.42
B15: AI Research Scientist | C15: 122 | E15: AI Safety Researcher | F15: 137580.44
B16: AI Safety Researcher | C16: 144 | E16: AI Engineer | F16: 136665.27
B17: AI Solutions Architect | C17: 120 | E17: Foundation Model Engineer | F17: 136534.68
B18: Computer Vision Engineer | C18: 138 | E18: AI Ethics Researcher | F18: 135772.71
B19: Data Scientist (AI/ML) | C19: 118 | E19: Prompt Engineer | F19: 135506.31
B20: Deep Learning Engineer | C20: 130 | E20: Data Scientist (AI/ML) | F20: 135368.21
B21: Foundation Model Engineer | C21: 121 | E21: AI Infrastructure Engineer | F21: 134488.61
... B30: Grand Total | C30: 2500 | E30: Grand Total | F30: 134513.18
